身長,性別
161,女性
154,女性
149,女性
162,女性
151,女性
161,女性
153,女性
160,女性
150,女性
155,女性
156,女性
165,女性
151,女性
158,女性
159,女性
159,女性
161,女性
148,女性
155,女性
146,女性
158,女性
162,女性
161,女性
164,女性
153,女性
154,女性
148,女性
157,女性
170,女性
149,女性
152,女性
160,女性
161,女性
154,女性
162,女性
155,女性
155,女性
158,女性
151,女性
155,女性
148,女性
166,女性
157,女性
157,女性
160,女性
158,女性
161,女性
158,女性
156,女性
155,女性
157,女性
156,女性
155,女性
153,女性
153,女性
154,女性
153,女性
162,女性
157,女性
161,女性
152,女性
153,女性
159,女性
166,女性
153,女性
151,女性
155,女性
155,女性
160,女性
156,女性
179,男性
179,男性
170,男性
186,男性
197,男性
174,男性
165,男性
172,男性
178,男性
171,男性
162,男性
172,男性
186,男性
171,男性
167,男性
167,男性
171,男性
173,男性
169,男性
185,男性
180,男性
166,男性
165,男性
170,男性
171,男性
173,男性
173,男性
165,男性
167,男性
167,男性
165,男性
182,男性
166,男性
173,男性
159,男性
187,男性
178,男性
178,男性
178,男性
147,男性
163,男性
172,男性
168,男性
165,男性
185,男性
164,男性
173,男性
169,男性
152,男性
163,男性
179,男性
181,男性
147,男性
156,男性
175,男性
179,男性
166,男性
169,男性
166,男性
163,男性
183,男性
185,男性
195,男性
184,男性
175,男性
158,男性
171,男性
180,男性
188,男性
172,男性
171,男性
179,男性
181,男性
171,男性
154,男性
184,男性
189,男性
176,男性
170,男性
164,男性
168,男性
172,男性
168,男性
159,男性
193,男性
165,男性
162,男性
175,男性
175,男性
177,男性
159,男性
164,男性
176,男性
176,男性
152,男性
167,男性
159,男性
175,男性
183,男性
172,男性
175,男性
164,男性
175,男性
163,男性
168,男性
183,男性
169,男性
183,男性
178,男性
170,男性
171,男性
179,男性
169,男性
164,男性
170,男性
177,男性
161,男性
174,男性
172,男性
146,男性
171,男性
182,男性
170,男性
167,男性
178,男性
174,男性
170,男性
168,男性
184,男性
157,男性
